comfort_yuval_12_01_21C,miki_coldest_17.5c,miki_comfort_20c,cold_yuval_12_01_18C,miki_colder_1m,colder_yuval_12_01_16C
12_01_2023-13_09_07_1.jpg,18_01_2023-11_55_25_0.jpg,18_01_2023-10_56_37_0.jpg,12_01_2023-13_25_52_1.jpg,18_01_2023-11_51_57_0.jpg,12_01_2023-13_31_04_1.jpg
12_01_2023-13_09_07_2.jpg,18_01_2023-11_55_25_1.jpg,18_01_2023-10_56_37_1.jpg,12_01_2023-13_25_52_2.jpg,18_01_2023-11_51_57_1.jpg,12_01_2023-13_31_04_2.jpg
12_01_2023-13_09_07_3.jpg,18_01_2023-11_55_25_2.jpg,18_01_2023-10_56_37_2.jpg,12_01_2023-13_25_52_3.jpg,18_01_2023-11_51_57_2.jpg,12_01_2023-13_31_04_3.jpg
12_01_2023-13_09_07_4.jpg,18_01_2023-11_55_25_3.jpg,18_01_2023-10_56_37_3.jpg,12_01_2023-13_25_52_4.jpg,18_01_2023-11_51_57_3.jpg,12_01_2023-13_31_04_4.jpg
12_01_2023-13_09_07_5.jpg,18_01_2023-11_55_25_4.jpg,18_01_2023-10_56_37_4.jpg,12_01_2023-13_25_52_5.jpg,18_01_2023-11_51_57_4.jpg,12_01_2023-13_31_04_5.jpg
12_01_2023-13_09_07_6.jpg,18_01_2023-11_55_25_5.jpg,18_01_2023-10_56_37_5.jpg,12_01_2023-13_25_52_6.jpg,18_01_2023-11_51_57_5.jpg,12_01_2023-13_31_04_6.jpg
12_01_2023-13_09_07_7.jpg,18_01_2023-11_55_25_6.jpg,18_01_2023-10_56_37_6.jpg,12_01_2023-13_25_52_7.jpg,18_01_2023-11_51_57_6.jpg,12_01_2023-13_31_04_7.jpg
12_01_2023-13_09_07_8.jpg,18_01_2023-11_55_25_7.jpg,18_01_2023-10_56_37_7.jpg,12_01_2023-13_25_52_8.jpg,18_01_2023-11_51_57_7.jpg,12_01_2023-13_31_04_8.jpg
12_01_2023-13_09_07_9.jpg,18_01_2023-11_55_25_8.jpg,18_01_2023-10_56_37_8.jpg,12_01_2023-13_25_52_9.jpg,18_01_2023-11_51_57_8.jpg,12_01_2023-13_31_04_9.jpg
12_01_2023-13_09_17_1.jpg,18_01_2023-11_55_25_9.jpg,18_01_2023-10_56_37_9.jpg,12_01_2023-13_26_01_1.jpg,18_01_2023-11_51_57_9.jpg,12_01_2023-13_31_13_1.jpg
12_01_2023-13_09_17_2.jpg,18_01_2023-11_55_28_0.jpg,18_01_2023-10_56_41_0.jpg,12_01_2023-13_26_01_2.jpg,18_01_2023-11_52_01_0.jpg,12_01_2023-13_31_13_2.jpg
12_01_2023-13_09_17_3.jpg,18_01_2023-11_55_28_1.jpg,18_01_2023-10_56_41_1.jpg,12_01_2023-13_26_01_3.jpg,18_01_2023-11_52_01_1.jpg,12_01_2023-13_31_13_3.jpg
12_01_2023-13_09_17_4.jpg,18_01_2023-11_55_28_2.jpg,18_01_2023-10_56_41_2.jpg,12_01_2023-13_26_01_4.jpg,18_01_2023-11_52_01_2.jpg,12_01_2023-13_31_13_4.jpg
12_01_2023-13_09_17_5.jpg,18_01_2023-11_55_28_3.jpg,18_01_2023-10_56_41_3.jpg,12_01_2023-13_26_01_5.jpg,18_01_2023-11_52_01_3.jpg,12_01_2023-13_31_13_5.jpg
12_01_2023-13_09_17_6.jpg,18_01_2023-11_55_28_4.jpg,18_01_2023-10_56_41_4.jpg,12_01_2023-13_26_01_6.jpg,18_01_2023-11_52_01_4.jpg,12_01_2023-13_31_13_6.jpg
12_01_2023-13_09_17_7.jpg,18_01_2023-11_55_28_5.jpg,18_01_2023-10_56_41_5.jpg,12_01_2023-13_26_01_7.jpg,18_01_2023-11_52_01_5.jpg,12_01_2023-13_31_13_7.jpg
12_01_2023-13_09_17_8.jpg,18_01_2023-11_55_28_6.jpg,18_01_2023-10_56_41_6.jpg,12_01_2023-13_26_01_8.jpg,18_01_2023-11_52_01_6.jpg,12_01_2023-13_31_13_8.jpg
12_01_2023-13_09_17_9.jpg,18_01_2023-11_55_28_7.jpg,18_01_2023-10_56_41_7.jpg,12_01_2023-13_26_01_9.jpg,18_01_2023-11_52_01_7.jpg,12_01_2023-13_31_13_9.jpg
12_01_2023-13_09_26_1.jpg,18_01_2023-11_55_28_8.jpg,18_01_2023-10_56_41_8.jpg,12_01_2023-13_26_10_1.jpg,18_01_2023-11_52_01_8.jpg,12_01_2023-13_31_22_1.jpg
12_01_2023-13_09_26_2.jpg,18_01_2023-11_55_28_9.jpg,18_01_2023-10_56_41_9.jpg,12_01_2023-13_26_10_2.jpg,18_01_2023-11_52_01_9.jpg,12_01_2023-13_31_22_2.jpg
12_01_2023-13_09_26_3.jpg,18_01_2023-11_55_31_0.jpg,18_01_2023-10_56_44_0.jpg,12_01_2023-13_26_10_3.jpg,18_01_2023-11_52_04_0.jpg,12_01_2023-13_31_22_3.jpg
12_01_2023-13_09_26_4.jpg,18_01_2023-11_55_31_1.jpg,18_01_2023-10_56_44_1.jpg,12_01_2023-13_26_10_4.jpg,18_01_2023-11_52_04_1.jpg,12_01_2023-13_31_22_4.jpg
12_01_2023-13_09_26_5.jpg,18_01_2023-11_55_31_2.jpg,18_01_2023-10_56_44_2.jpg,12_01_2023-13_26_10_5.jpg,18_01_2023-11_52_04_2.jpg,12_01_2023-13_31_22_5.jpg
12_01_2023-13_09_26_6.jpg,18_01_2023-11_55_31_3.jpg,18_01_2023-10_56_44_3.jpg,12_01_2023-13_26_10_6.jpg,18_01_2023-11_52_04_3.jpg,12_01_2023-13_31_22_6.jpg
12_01_2023-13_09_26_7.jpg,18_01_2023-11_55_31_4.jpg,18_01_2023-10_56_44_4.jpg,12_01_2023-13_26_10_7.jpg,18_01_2023-11_52_04_4.jpg,12_01_2023-13_31_22_7.jpg
12_01_2023-13_09_26_8.jpg,18_01_2023-11_55_31_5.jpg,18_01_2023-10_56_44_5.jpg,12_01_2023-13_26_10_8.jpg,18_01_2023-11_52_04_5.jpg,12_01_2023-13_31_22_8.jpg
12_01_2023-13_09_26_9.jpg,18_01_2023-11_55_31_6.jpg,18_01_2023-10_56_44_6.jpg,12_01_2023-13_26_10_9.jpg,18_01_2023-11_52_04_6.jpg,12_01_2023-13_31_22_9.jpg
12_01_2023-13_09_36_1.jpg,18_01_2023-11_55_31_7.jpg,18_01_2023-10_56_44_7.jpg,12_01_2023-13_26_19_1.jpg,18_01_2023-11_52_04_7.jpg,12_01_2023-13_31_32_1.jpg
12_01_2023-13_09_36_2.jpg,18_01_2023-11_55_31_8.jpg,18_01_2023-10_56_44_8.jpg,12_01_2023-13_26_19_2.jpg,18_01_2023-11_52_04_8.jpg,12_01_2023-13_31_32_2.jpg
12_01_2023-13_09_36_3.jpg,18_01_2023-11_55_31_9.jpg,18_01_2023-10_56_44_9.jpg,12_01_2023-13_26_19_3.jpg,18_01_2023-11_52_04_9.jpg,12_01_2023-13_31_32_3.jpg
12_01_2023-13_09_36_4.jpg,18_01_2023-11_55_34_0.jpg,18_01_2023-10_56_47_0.jpg,12_01_2023-13_26_19_4.jpg,18_01_2023-11_52_07_0.jpg,12_01_2023-13_31_32_4.jpg
12_01_2023-13_09_36_5.jpg,18_01_2023-11_55_34_1.jpg,18_01_2023-10_56_47_1.jpg,12_01_2023-13_26_19_5.jpg,18_01_2023-11_52_07_1.jpg,12_01_2023-13_31_32_5.jpg
12_01_2023-13_09_36_6.jpg,18_01_2023-11_55_34_2.jpg,18_01_2023-10_56_47_2.jpg,12_01_2023-13_26_19_6.jpg,18_01_2023-11_52_07_2.jpg,12_01_2023-13_31_32_6.jpg
12_01_2023-13_09_36_7.jpg,18_01_2023-11_55_34_3.jpg,18_01_2023-10_56_47_3.jpg,12_01_2023-13_26_19_7.jpg,18_01_2023-11_52_07_3.jpg,12_01_2023-13_31_32_7.jpg
12_01_2023-13_09_36_8.jpg,18_01_2023-11_55_34_4.jpg,18_01_2023-10_56_47_4.jpg,12_01_2023-13_26_19_8.jpg,18_01_2023-11_52_07_4.jpg,12_01_2023-13_31_32_8.jpg
12_01_2023-13_09_36_9.jpg,18_01_2023-11_55_34_5.jpg,18_01_2023-10_56_47_5.jpg,12_01_2023-13_26_19_9.jpg,18_01_2023-11_52_07_5.jpg,12_01_2023-13_31_32_9.jpg
12_01_2023-13_09_46_1.jpg,18_01_2023-11_55_34_6.jpg,18_01_2023-10_56_47_6.jpg,12_01_2023-13_26_28_1.jpg,18_01_2023-11_52_07_6.jpg,12_01_2023-13_31_41_1.jpg
12_01_2023-13_09_46_2.jpg,18_01_2023-11_55_34_7.jpg,18_01_2023-10_56_47_7.jpg,12_01_2023-13_26_28_2.jpg,18_01_2023-11_52_07_7.jpg,12_01_2023-13_31_41_2.jpg
12_01_2023-13_09_46_3.jpg,18_01_2023-11_55_34_8.jpg,18_01_2023-10_56_47_8.jpg,12_01_2023-13_26_28_3.jpg,18_01_2023-11_52_07_8.jpg,12_01_2023-13_31_41_3.jpg
12_01_2023-13_09_46_4.jpg,18_01_2023-11_55_34_9.jpg,18_01_2023-10_56_47_9.jpg,12_01_2023-13_26_28_4.jpg,18_01_2023-11_52_07_9.jpg,12_01_2023-13_31_41_4.jpg
12_01_2023-13_09_46_5.jpg,18_01_2023-11_55_37_0.jpg,18_01_2023-10_56_50_0.jpg,12_01_2023-13_26_28_5.jpg,18_01_2023-11_52_10_0.jpg,12_01_2023-13_31_41_5.jpg
12_01_2023-13_09_46_6.jpg,18_01_2023-11_55_37_1.jpg,18_01_2023-10_56_50_1.jpg,12_01_2023-13_26_28_6.jpg,18_01_2023-11_52_10_1.jpg,12_01_2023-13_31_41_6.jpg
12_01_2023-13_09_46_7.jpg,18_01_2023-11_55_37_2.jpg,18_01_2023-10_56_50_2.jpg,12_01_2023-13_26_28_7.jpg,18_01_2023-11_52_10_2.jpg,12_01_2023-13_31_41_7.jpg
12_01_2023-13_09_46_8.jpg,18_01_2023-11_55_37_3.jpg,18_01_2023-10_56_50_3.jpg,12_01_2023-13_26_28_8.jpg,18_01_2023-11_52_10_3.jpg,12_01_2023-13_31_41_8.jpg
12_01_2023-13_09_46_9.jpg,18_01_2023-11_55_37_4.jpg,18_01_2023-10_56_50_4.jpg,12_01_2023-13_26_28_9.jpg,18_01_2023-11_52_10_4.jpg,12_01_2023-13_31_41_9.jpg
12_01_2023-13_09_55_1.jpg,18_01_2023-11_55_37_5.jpg,18_01_2023-10_56_50_5.jpg,12_01_2023-13_26_37_1.jpg,18_01_2023-11_52_10_5.jpg,12_01_2023-13_31_50_1.jpg
12_01_2023-13_09_55_2.jpg,18_01_2023-11_55_37_6.jpg,18_01_2023-10_56_50_6.jpg,12_01_2023-13_26_37_2.jpg,18_01_2023-11_52_10_6.jpg,12_01_2023-13_31_50_2.jpg
12_01_2023-13_09_55_3.jpg,18_01_2023-11_55_37_7.jpg,18_01_2023-10_56_50_7.jpg,12_01_2023-13_26_37_3.jpg,18_01_2023-11_52_10_7.jpg,12_01_2023-13_31_50_3.jpg
12_01_2023-13_09_55_4.jpg,18_01_2023-11_55_37_8.jpg,18_01_2023-10_56_50_8.jpg,12_01_2023-13_26_37_4.jpg,18_01_2023-11_52_10_8.jpg,12_01_2023-13_31_50_4.jpg
12_01_2023-13_09_55_5.jpg,18_01_2023-11_55_37_9.jpg,18_01_2023-10_56_50_9.jpg,12_01_2023-13_26_37_5.jpg,18_01_2023-11_52_10_9.jpg,12_01_2023-13_31_50_5.jpg
12_01_2023-13_09_55_6.jpg,18_01_2023-11_55_40_0.jpg,18_01_2023-10_56_53_0.jpg,12_01_2023-13_26_37_6.jpg,18_01_2023-11_52_13_0.jpg,12_01_2023-13_31_50_6.jpg
12_01_2023-13_09_55_7.jpg,18_01_2023-11_55_40_1.jpg,18_01_2023-10_56_53_1.jpg,12_01_2023-13_26_37_7.jpg,18_01_2023-11_52_13_1.jpg,12_01_2023-13_31_50_7.jpg
12_01_2023-13_09_55_8.jpg,18_01_2023-11_55_40_2.jpg,18_01_2023-10_56_53_2.jpg,12_01_2023-13_26_37_8.jpg,18_01_2023-11_52_13_2.jpg,12_01_2023-13_31_50_8.jpg
12_01_2023-13_09_55_9.jpg,18_01_2023-11_55_40_3.jpg,18_01_2023-10_56_53_3.jpg,12_01_2023-13_26_37_9.jpg,18_01_2023-11_52_13_3.jpg,12_01_2023-13_31_50_9.jpg
12_01_2023-13_10_04_1.jpg,18_01_2023-11_55_40_4.jpg,18_01_2023-10_56_53_4.jpg,12_01_2023-13_26_47_1.jpg,18_01_2023-11_52_13_4.jpg,
12_01_2023-13_10_04_2.jpg,18_01_2023-11_55_40_5.jpg,18_01_2023-10_56_53_5.jpg,12_01_2023-13_26_47_2.jpg,18_01_2023-11_52_13_5.jpg,
12_01_2023-13_10_04_3.jpg,18_01_2023-11_55_40_6.jpg,18_01_2023-10_56_53_6.jpg,12_01_2023-13_26_47_3.jpg,18_01_2023-11_52_13_6.jpg,
12_01_2023-13_10_04_4.jpg,18_01_2023-11_55_40_7.jpg,18_01_2023-10_56_53_7.jpg,12_01_2023-13_26_47_4.jpg,18_01_2023-11_52_13_7.jpg,
12_01_2023-13_10_04_5.jpg,18_01_2023-11_55_40_8.jpg,18_01_2023-10_56_53_8.jpg,12_01_2023-13_26_47_5.jpg,18_01_2023-11_52_13_8.jpg,
12_01_2023-13_10_04_6.jpg,18_01_2023-11_55_40_9.jpg,18_01_2023-10_56_53_9.jpg,12_01_2023-13_26_47_6.jpg,18_01_2023-11_52_13_9.jpg,
12_01_2023-13_10_04_7.jpg,18_01_2023-11_55_43_0.jpg,18_01_2023-10_56_56_0.jpg,12_01_2023-13_26_47_7.jpg,18_01_2023-11_52_16_0.jpg,
12_01_2023-13_10_04_8.jpg,18_01_2023-11_55_43_1.jpg,18_01_2023-10_56_56_1.jpg,12_01_2023-13_26_47_8.jpg,18_01_2023-11_52_16_1.jpg,
12_01_2023-13_10_04_9.jpg,18_01_2023-11_55_43_2.jpg,18_01_2023-10_56_56_2.jpg,12_01_2023-13_26_47_9.jpg,18_01_2023-11_52_16_2.jpg,
12_01_2023-13_10_14_1.jpg,18_01_2023-11_55_43_3.jpg,18_01_2023-10_56_56_3.jpg,12_01_2023-13_26_56_1.jpg,18_01_2023-11_52_16_3.jpg,
12_01_2023-13_10_14_2.jpg,18_01_2023-11_55_43_4.jpg,18_01_2023-10_56_56_4.jpg,12_01_2023-13_26_56_2.jpg,18_01_2023-11_52_16_4.jpg,
12_01_2023-13_10_14_3.jpg,18_01_2023-11_55_43_5.jpg,18_01_2023-10_56_56_5.jpg,12_01_2023-13_26_56_3.jpg,18_01_2023-11_52_16_5.jpg,
12_01_2023-13_10_14_4.jpg,18_01_2023-11_55_43_6.jpg,18_01_2023-10_56_56_6.jpg,12_01_2023-13_26_56_4.jpg,18_01_2023-11_52_16_6.jpg,
12_01_2023-13_10_14_5.jpg,18_01_2023-11_55_43_7.jpg,18_01_2023-10_56_56_7.jpg,12_01_2023-13_26_56_5.jpg,18_01_2023-11_52_16_7.jpg,
12_01_2023-13_10_14_6.jpg,18_01_2023-11_55_43_8.jpg,18_01_2023-10_56_56_8.jpg,12_01_2023-13_26_56_6.jpg,18_01_2023-11_52_16_8.jpg,
12_01_2023-13_10_14_7.jpg,18_01_2023-11_55_43_9.jpg,18_01_2023-10_56_56_9.jpg,12_01_2023-13_26_56_7.jpg,18_01_2023-11_52_16_9.jpg,
12_01_2023-13_10_14_8.jpg,18_01_2023-11_55_47_0.jpg,18_01_2023-10_56_59_0.jpg,12_01_2023-13_26_56_8.jpg,18_01_2023-11_52_19_0.jpg,
12_01_2023-13_10_14_9.jpg,18_01_2023-11_55_47_1.jpg,18_01_2023-10_56_59_1.jpg,12_01_2023-13_26_56_9.jpg,18_01_2023-11_52_19_1.jpg,
12_01_2023-13_10_23_1.jpg,18_01_2023-11_55_47_2.jpg,18_01_2023-10_56_59_2.jpg,12_01_2023-13_27_05_1.jpg,18_01_2023-11_52_19_2.jpg,
12_01_2023-13_10_23_2.jpg,18_01_2023-11_55_47_3.jpg,18_01_2023-10_56_59_3.jpg,12_01_2023-13_27_05_2.jpg,18_01_2023-11_52_19_3.jpg,
12_01_2023-13_10_23_3.jpg,18_01_2023-11_55_47_4.jpg,18_01_2023-10_56_59_4.jpg,12_01_2023-13_27_05_3.jpg,18_01_2023-11_52_19_4.jpg,
12_01_2023-13_10_23_4.jpg,18_01_2023-11_55_47_5.jpg,18_01_2023-10_56_59_5.jpg,12_01_2023-13_27_05_4.jpg,18_01_2023-11_52_19_5.jpg,
12_01_2023-13_10_23_5.jpg,18_01_2023-11_55_47_6.jpg,18_01_2023-10_56_59_6.jpg,12_01_2023-13_27_05_5.jpg,18_01_2023-11_52_19_6.jpg,
12_01_2023-13_10_23_6.jpg,18_01_2023-11_55_47_7.jpg,18_01_2023-10_56_59_7.jpg,12_01_2023-13_27_05_6.jpg,18_01_2023-11_52_19_7.jpg,
12_01_2023-13_10_23_7.jpg,18_01_2023-11_55_47_8.jpg,18_01_2023-10_56_59_8.jpg,12_01_2023-13_27_05_7.jpg,18_01_2023-11_52_19_8.jpg,
12_01_2023-13_10_23_8.jpg,18_01_2023-11_55_47_9.jpg,18_01_2023-10_56_59_9.jpg,12_01_2023-13_27_05_8.jpg,18_01_2023-11_52_19_9.jpg,
12_01_2023-13_10_23_9.jpg,18_01_2023-11_55_50_0.jpg,,12_01_2023-13_27_05_9.jpg,18_01_2023-11_52_23_0.jpg,
12_01_2023-13_10_32_1.jpg,18_01_2023-11_55_50_1.jpg,,,18_01_2023-11_52_23_1.jpg,
12_01_2023-13_10_32_2.jpg,18_01_2023-11_55_50_2.jpg,,,18_01_2023-11_52_23_2.jpg,
12_01_2023-13_10_32_3.jpg,18_01_2023-11_55_50_3.jpg,,,18_01_2023-11_52_23_3.jpg,
12_01_2023-13_10_32_4.jpg,18_01_2023-11_55_50_4.jpg,,,18_01_2023-11_52_23_4.jpg,
12_01_2023-13_10_32_5.jpg,18_01_2023-11_55_50_5.jpg,,,18_01_2023-11_52_23_5.jpg,
12_01_2023-13_10_32_6.jpg,18_01_2023-11_55_50_6.jpg,,,18_01_2023-11_52_23_6.jpg,
12_01_2023-13_10_32_7.jpg,18_01_2023-11_55_50_7.jpg,,,18_01_2023-11_52_23_7.jpg,
12_01_2023-13_10_32_8.jpg,18_01_2023-11_55_50_8.jpg,,,18_01_2023-11_52_23_8.jpg,
12_01_2023-13_10_32_9.jpg,18_01_2023-11_55_50_9.jpg,,,18_01_2023-11_52_23_9.jpg,
,18_01_2023-11_55_53_0.jpg,,,18_01_2023-11_52_26_0.jpg,
,18_01_2023-11_55_53_1.jpg,,,18_01_2023-11_52_26_1.jpg,
,18_01_2023-11_55_53_2.jpg,,,18_01_2023-11_52_26_2.jpg,
,18_01_2023-11_55_53_3.jpg,,,18_01_2023-11_52_26_3.jpg,
,18_01_2023-11_55_53_4.jpg,,,18_01_2023-11_52_26_4.jpg,
,18_01_2023-11_55_53_5.jpg,,,18_01_2023-11_52_26_5.jpg,
,18_01_2023-11_55_53_6.jpg,,,18_01_2023-11_52_26_6.jpg,
,18_01_2023-11_55_53_7.jpg,,,18_01_2023-11_52_26_7.jpg,
,18_01_2023-11_55_53_8.jpg,,,18_01_2023-11_52_26_8.jpg,
,18_01_2023-11_55_53_9.jpg,,,18_01_2023-11_52_26_9.jpg,
,18_01_2023-11_55_56_0.jpg,,,18_01_2023-11_52_29_0.jpg,
,18_01_2023-11_55_56_1.jpg,,,18_01_2023-11_52_29_1.jpg,
,18_01_2023-11_55_56_2.jpg,,,18_01_2023-11_52_29_2.jpg,
,18_01_2023-11_55_56_3.jpg,,,18_01_2023-11_52_29_3.jpg,
,18_01_2023-11_55_56_4.jpg,,,18_01_2023-11_52_29_4.jpg,
,18_01_2023-11_55_56_5.jpg,,,18_01_2023-11_52_29_5.jpg,
,18_01_2023-11_55_56_6.jpg,,,18_01_2023-11_52_29_6.jpg,
,18_01_2023-11_55_56_7.jpg,,,18_01_2023-11_52_29_7.jpg,
,18_01_2023-11_55_56_8.jpg,,,18_01_2023-11_52_29_8.jpg,
,18_01_2023-11_55_56_9.jpg,,,18_01_2023-11_52_29_9.jpg,
,18_01_2023-11_55_59_0.jpg,,,18_01_2023-11_52_32_0.jpg,
,18_01_2023-11_55_59_1.jpg,,,18_01_2023-11_52_32_1.jpg,
,18_01_2023-11_55_59_2.jpg,,,18_01_2023-11_52_32_2.jpg,
,18_01_2023-11_55_59_3.jpg,,,18_01_2023-11_52_32_3.jpg,
,18_01_2023-11_55_59_4.jpg,,,18_01_2023-11_52_32_4.jpg,
,18_01_2023-11_55_59_5.jpg,,,18_01_2023-11_52_32_5.jpg,
,18_01_2023-11_55_59_6.jpg,,,18_01_2023-11_52_32_6.jpg,
,18_01_2023-11_55_59_7.jpg,,,18_01_2023-11_52_32_7.jpg,
,18_01_2023-11_55_59_8.jpg,,,18_01_2023-11_52_32_8.jpg,
,18_01_2023-11_55_59_9.jpg,,,18_01_2023-11_52_32_9.jpg,
,18_01_2023-11_56_02_0.jpg,,,18_01_2023-11_52_35_0.jpg,
,18_01_2023-11_56_02_1.jpg,,,18_01_2023-11_52_35_1.jpg,
,18_01_2023-11_56_02_2.jpg,,,18_01_2023-11_52_35_2.jpg,
,18_01_2023-11_56_02_3.jpg,,,18_01_2023-11_52_35_3.jpg,
,18_01_2023-11_56_02_4.jpg,,,18_01_2023-11_52_35_4.jpg,
,18_01_2023-11_56_02_5.jpg,,,18_01_2023-11_52_35_5.jpg,
,18_01_2023-11_56_02_6.jpg,,,18_01_2023-11_52_35_6.jpg,
,18_01_2023-11_56_02_7.jpg,,,18_01_2023-11_52_35_7.jpg,
,18_01_2023-11_56_02_8.jpg,,,18_01_2023-11_52_35_8.jpg,
,18_01_2023-11_56_02_9.jpg,,,18_01_2023-11_52_35_9.jpg,
,18_01_2023-11_56_06_0.jpg,,,18_01_2023-11_52_38_0.jpg,
,18_01_2023-11_56_06_1.jpg,,,18_01_2023-11_52_38_1.jpg,
,18_01_2023-11_56_06_2.jpg,,,18_01_2023-11_52_38_2.jpg,
,18_01_2023-11_56_06_3.jpg,,,18_01_2023-11_52_38_3.jpg,
,18_01_2023-11_56_06_4.jpg,,,18_01_2023-11_52_38_4.jpg,
,18_01_2023-11_56_06_5.jpg,,,18_01_2023-11_52_38_5.jpg,
,18_01_2023-11_56_06_6.jpg,,,18_01_2023-11_52_38_6.jpg,
,18_01_2023-11_56_06_7.jpg,,,18_01_2023-11_52_38_7.jpg,
,18_01_2023-11_56_06_8.jpg,,,18_01_2023-11_52_38_8.jpg,
,18_01_2023-11_56_06_9.jpg,,,18_01_2023-11_52_38_9.jpg,
,18_01_2023-11_56_09_0.jpg,,,18_01_2023-11_52_42_0.jpg,
,18_01_2023-11_56_09_1.jpg,,,18_01_2023-11_52_42_1.jpg,
,18_01_2023-11_56_09_2.jpg,,,18_01_2023-11_52_42_2.jpg,
,18_01_2023-11_56_09_3.jpg,,,18_01_2023-11_52_42_3.jpg,
,18_01_2023-11_56_09_4.jpg,,,18_01_2023-11_52_42_4.jpg,
,18_01_2023-11_56_09_5.jpg,,,18_01_2023-11_52_42_5.jpg,
,18_01_2023-11_56_09_6.jpg,,,18_01_2023-11_52_42_6.jpg,
,18_01_2023-11_56_09_7.jpg,,,18_01_2023-11_52_42_7.jpg,
,18_01_2023-11_56_09_8.jpg,,,18_01_2023-11_52_42_8.jpg,
,18_01_2023-11_56_09_9.jpg,,,18_01_2023-11_52_42_9.jpg,
,18_01_2023-11_56_12_0.jpg,,,18_01_2023-11_52_45_0.jpg,
,18_01_2023-11_56_12_1.jpg,,,18_01_2023-11_52_45_1.jpg,
,18_01_2023-11_56_12_2.jpg,,,18_01_2023-11_52_45_2.jpg,
,18_01_2023-11_56_12_3.jpg,,,18_01_2023-11_52_45_3.jpg,
,18_01_2023-11_56_12_4.jpg,,,18_01_2023-11_52_45_4.jpg,
,18_01_2023-11_56_12_5.jpg,,,18_01_2023-11_52_45_5.jpg,
,18_01_2023-11_56_12_6.jpg,,,18_01_2023-11_52_45_6.jpg,
,18_01_2023-11_56_12_7.jpg,,,18_01_2023-11_52_45_7.jpg,
,18_01_2023-11_56_12_8.jpg,,,18_01_2023-11_52_45_8.jpg,
,18_01_2023-11_56_12_9.jpg,,,18_01_2023-11_52_45_9.jpg,
